filename,timestamp
0.npy,1763150939
1.npy,1763150939
2.npy,1763150939
3.npy,1763150939
4.npy,1763150939
5.npy,1763150939
6.npy,1763150939
7.npy,1763150939
8.npy,1763150939
9.npy,1763150939
10.npy,1763150939
11.npy,1763150939
12.npy,1763150939
13.npy,1763150939
14.npy,1763150939
15.npy,1763150939
16.npy,1763150940
17.npy,1763150940
18.npy,1763150940
19.npy,1763150940
20.npy,1763150940
21.npy,1763150940
22.npy,1763150940
23.npy,1763150940
24.npy,1763150940
25.npy,1763150940
26.npy,1763150940
27.npy,1763150940
28.npy,1763150940
29.npy,1763150940
30.npy,1763150940
31.npy,1763150940
32.npy,1763150940
33.npy,1763150940
34.npy,1763150940
35.npy,1763150940
36.npy,1763150940
37.npy,1763150940
38.npy,1763150940
39.npy,1763150940
40.npy,1763150940
41.npy,1763150940
42.npy,1763150940
43.npy,1763150940
44.npy,1763150940
45.npy,1763150940
46.npy,1763150941
47.npy,1763150941
48.npy,1763150941
49.npy,1763150941
50.npy,1763150941
51.npy,1763150941
52.npy,1763150941
53.npy,1763150941
54.npy,1763150941
55.npy,1763150941
56.npy,1763150941
57.npy,1763150941
58.npy,1763150941
59.npy,1763150941
60.npy,1763150941
61.npy,1763150941
62.npy,1763150941
63.npy,1763150941
64.npy,1763150941
65.npy,1763150941
66.npy,1763150941
67.npy,1763150941
68.npy,1763150941
69.npy,1763150941
70.npy,1763150941
71.npy,1763150941
72.npy,1763150941
73.npy,1763150941
74.npy,1763150941
75.npy,1763150941
76.npy,1763150942
77.npy,1763150942
78.npy,1763150942
79.npy,1763150942
80.npy,1763150942
81.npy,1763150942
82.npy,1763150942
83.npy,1763150942
84.npy,1763150942
85.npy,1763150942
86.npy,1763150942
87.npy,1763150942
88.npy,1763150942
89.npy,1763150942
90.npy,1763150942
91.npy,1763150942
92.npy,1763150942
93.npy,1763150942
94.npy,1763150942
95.npy,1763150942
96.npy,1763150942
97.npy,1763150942
98.npy,1763150942
99.npy,1763150942
100.npy,1763150942
101.npy,1763150942
102.npy,1763150942
103.npy,1763150942
104.npy,1763150942
105.npy,1763150943
106.npy,1763150943
107.npy,1763150943
108.npy,1763150943
109.npy,1763150943
110.npy,1763150943
111.npy,1763150943
112.npy,1763150943
113.npy,1763150943
114.npy,1763150943
115.npy,1763150943
116.npy,1763150943
117.npy,1763150943
118.npy,1763150943
119.npy,1763150943
120.npy,1763150943
121.npy,1763150943
122.npy,1763150943
123.npy,1763150943
124.npy,1763150943
125.npy,1763150943
126.npy,1763150943
127.npy,1763150943
128.npy,1763150943
129.npy,1763150943
130.npy,1763150943
131.npy,1763150943
132.npy,1763150943
133.npy,1763150943
134.npy,1763150943
135.npy,1763150943
136.npy,1763150944
137.npy,1763150944
138.npy,1763150944
139.npy,1763150944
140.npy,1763150944
141.npy,1763150944
142.npy,1763150944
143.npy,1763150944
144.npy,1763150944
145.npy,1763150944
146.npy,1763150944
147.npy,1763150944
148.npy,1763150944
149.npy,1763150955
150.npy,1763150955
151.npy,1763150955
152.npy,1763150955
153.npy,1763150955
154.npy,1763150955
155.npy,1763150955
156.npy,1763150955
157.npy,1763150955
158.npy,1763150955
159.npy,1763150955
160.npy,1763150955
161.npy,1763150955
162.npy,1763150955
163.npy,1763150955
164.npy,1763150955
165.npy,1763150955
166.npy,1763150955
167.npy,1763150955
168.npy,1763150955
169.npy,1763150955
170.npy,1763150956
171.npy,1763150956
172.npy,1763150956
173.npy,1763150956
174.npy,1763150956
175.npy,1763150956
176.npy,1763150956
177.npy,1763150956
178.npy,1763150956
179.npy,1763150956
180.npy,1763150956
181.npy,1763150956
182.npy,1763150956
183.npy,1763150956
184.npy,1763150956
185.npy,1763150956
186.npy,1763150956
187.npy,1763150956
188.npy,1763150956
189.npy,1763150956
190.npy,1763150956
191.npy,1763150956
192.npy,1763150956
193.npy,1763150956
194.npy,1763150956
195.npy,1763150956
196.npy,1763150956
197.npy,1763150956
198.npy,1763150956
199.npy,1763150957
200.npy,1763150957
201.npy,1763150957
202.npy,1763150957
203.npy,1763150957
204.npy,1763150957
205.npy,1763150957
206.npy,1763150957
207.npy,1763150957
208.npy,1763150957
209.npy,1763150957
210.npy,1763150957
211.npy,1763150957
212.npy,1763150957
213.npy,1763150957
214.npy,1763150957
215.npy,1763150957
216.npy,1763150957
217.npy,1763150957
218.npy,1763150957
219.npy,1763150957
220.npy,1763150957
221.npy,1763150957
222.npy,1763150957
223.npy,1763150957
224.npy,1763150957
225.npy,1763150957
226.npy,1763150957
227.npy,1763150957
228.npy,1763150957
229.npy,1763150957
230.npy,1763150958
231.npy,1763150958
232.npy,1763150958
233.npy,1763150958
234.npy,1763150958
235.npy,1763150958
236.npy,1763150958
237.npy,1763150958
238.npy,1763150958
239.npy,1763150958
240.npy,1763150958
241.npy,1763150958
242.npy,1763150958
243.npy,1763150958
244.npy,1763150958
245.npy,1763150958
246.npy,1763150958
247.npy,1763150958
248.npy,1763150958
249.npy,1763150958
250.npy,1763150958
251.npy,1763150958
252.npy,1763150958
253.npy,1763150958
254.npy,1763150958
255.npy,1763150958
256.npy,1763150958
257.npy,1763150958
258.npy,1763150958
259.npy,1763150959
260.npy,1763150959
261.npy,1763150959
262.npy,1763150959
263.npy,1763150959
264.npy,1763150959
265.npy,1763150959
266.npy,1763150959
267.npy,1763150959
268.npy,1763150959
269.npy,1763150959
270.npy,1763150959
271.npy,1763150959
272.npy,1763150959
273.npy,1763150959
274.npy,1763150959
275.npy,1763150959
276.npy,1763150959
277.npy,1763150959
278.npy,1763150959
279.npy,1763150959
280.npy,1763150959
281.npy,1763150959
282.npy,1763150959
283.npy,1763150959
284.npy,1763150959
285.npy,1763150959
286.npy,1763150959
287.npy,1763150959
288.npy,1763150959
289.npy,1763150960
290.npy,1763150960
291.npy,1763150960
292.npy,1763150960
293.npy,1763150960
294.npy,1763150960
295.npy,1763150960
296.npy,1763150960
297.npy,1763150960
298.npy,1763150960
299.npy,1763150960
